"Crear archivo 'blable.txt'", FILE_CREATE
"Hacer un nuevo archivo llamado index.ts", FILE_CREATE
"Generar un archivo vacío con el nombre styles.css", FILE_CREATE
"Inicializar un archivo readme.md", FILE_CREATE
"Añadir un archivo llamado app.js", FILE_CREATE
"Crear un nuevo script llamado utils.ts", FILE_CREATE
"Configurar un nuevo archivo config.json", FILE_CREATE
"Puedes crear el archivo data.csv", FILE_CREATE
"Por favor haz un archivo main.py", FILE_CREATE
"Generar archivo index.html", FILE_CREATE
"Crear archivo docker-compose.yml", FILE_CREATE
"Hacer archivo .gitignore", FILE_CREATE
"Inicializar archivo package.json", FILE_CREATE
"Crear un archivo vacío test.spec.ts", FILE_CREATE
"Añadir archivo controller.js", FILE_CREATE
"Construir un nuevo archivo llamado service.ts", FILE_CREATE
"Crear archivo de texto notes.txt", FILE_CREATE
"Necesito un nuevo archivo llamado router.js", FILE_CREATE
"Hazme un archivo llamado styles.scss", FILE_CREATE
"Generar documento README.txt", FILE_CREATE
"Crear un archivo de nombre helpers.js", FILE_CREATE
"Inicializar script main.ts", FILE_CREATE
"Añadir un nuevo archivo api.js", FILE_CREATE
"Crear archivo mock.json", FILE_CREATE
"Crear archivo fuente app.tsx", FILE_CREATE
"Hacer un archivo de componente button.tsx", FILE_CREATE
"Generar un archivo para constants.ts", FILE_CREATE
"Crear archivo types.d.ts", FILE_CREATE
"Agregar archivo variables.env", FILE_CREATE
"Hacer un archivo llamado database.sql", FILE_CREATE
"Crear archivo layout.html", FILE_CREATE
"Inicializar archivo vacío script.js", FILE_CREATE
"Por favor crear archivo logo.svg", FILE_CREATE
"Generar nuevo archivo setup.sh", FILE_CREATE
"Crear archivo Makefile", FILE_CREATE
"Hacer archivo config.yaml", FILE_CREATE
"Añadir archivo server.js", FILE_CREATE
"Crear archivo auth.ts", FILE_CREATE
"Hacer nuevo archivo context.js", FILE_CREATE
"Generar archivo provider.tsx", FILE_CREATE
"Crear archivo model.ts", FILE_CREATE
"Inicializar archivo schema.prisma", FILE_CREATE
"Agregar archivo query.sql", FILE_CREATE
"Hacer un archivo de nombre mutator.js", FILE_CREATE
"Crear archivo store.ts", FILE_CREATE
"Crear archivo actions.js", FILE_CREATE
"Hacer archivo reducer.js", FILE_CREATE
"Generar archivo state.ts", FILE_CREATE
"Crear archivo app.module.ts", FILE_CREATE
"Añadir archivo app.controller.ts", FILE_CREATE
"Hacer archivo app.service.ts", FILE_CREATE
"Crear archivo middleware.js", FILE_CREATE
"Inicializar archivo auth.guard.ts", FILE_CREATE
"Parchear el archivo utils.js con esta nueva función", FILE_PATCH
"Actualizar las líneas 10 a 15 en config.json", FILE_PATCH
"Modificar main.ts para incluir esta importación", FILE_PATCH
"Aplicar estos cambios a app.component.ts", FILE_PATCH
"Parchar archivo index.html", FILE_PATCH
"Actualizar archivo styles.css", FILE_PATCH
"Hacer cambios en server.js", FILE_PATCH
"Editar archivo data.json", FILE_PATCH
"Modificar el script app.js", FILE_PATCH
"Actualizar líneas en test.ts", FILE_PATCH
"Parchar el archivo auth.js", FILE_PATCH
"Aplicar diff a router.ts", FILE_PATCH
"Editar líneas 5 hasta 20 en helpers.js", FILE_PATCH
"Parchar docker-compose.yml", FILE_PATCH
"Actualizar archivo package.json", FILE_PATCH
"Modificar archivo README.md", FILE_PATCH
"Aplicar cambios a api.js", FILE_PATCH
"Parchar database.sql", FILE_PATCH
"Actualizar el componente button.tsx", FILE_PATCH
"Editar el archivo layout.html", FILE_PATCH
"Modificar script setup.sh", FILE_PATCH
"Parchar variables.env", FILE_PATCH
"Actualizar constants.ts", FILE_PATCH
"Aplicar ediciones a types.d.ts", FILE_PATCH
"Modificar archivo schema.prisma", FILE_PATCH
"Parchar model.ts", FILE_PATCH
"Actualizar query.sql", FILE_PATCH
"Editar archivo store.ts", FILE_PATCH
"Modificar actions.js", FILE_PATCH
"Parchar reducer.js", FILE_PATCH
"Actualizar state.ts", FILE_PATCH
"Aplicar modificaciones a app.module.ts", FILE_PATCH
"Editar archivo app.controller.ts", FILE_PATCH
"Modificar archivo app.service.ts", FILE_PATCH
"Parchar middleware.js", FILE_PATCH
"Actualizar auth.guard.ts", FILE_PATCH
"Editar interceptor.ts", FILE_PATCH
"Modificar pipe.ts", FILE_PATCH
"Parchar main.py", FILE_PATCH
"Actualizar test.spec.ts", FILE_PATCH
"Aplicar código a mock.json", FILE_PATCH
"Editar archivo notes.txt", FILE_PATCH
"Modificar el archivo config.yaml", FILE_PATCH
"Parchar archivo logo.svg", FILE_PATCH
"Actualizar archivo Makefile", FILE_PATCH
"Aplicar parche a context.js", FILE_PATCH
"Editar archivo provider.tsx", FILE_PATCH
"Modificar mutator.js", FILE_PATCH
"Parchar archivo .gitignore", FILE_PATCH
"Actualizar el archivo fuente app.tsx", FILE_PATCH
"Editar el script utils.ts", FILE_PATCH
"Modificar archivo controller.js", FILE_PATCH
"Parchar archivo service.ts", FILE_PATCH
"Reemplazar el contenido de index.html", FILE_REPLACE
"Sobrescribir database.json por completo", FILE_REPLACE
"Cambiar todo el archivo docker-compose.yml", FILE_REPLACE
"Reemplazar app.js con este nuevo bloque de código", FILE_REPLACE
"Sobrescribir archivo main.ts", FILE_REPLACE
"Reemplazar archivo styles.css", FILE_REPLACE
"Reescribir archivo config.json", FILE_REPLACE
"Cambiar todo el utils.js", FILE_REPLACE
"Reemplazar el archivo test.ts", FILE_REPLACE
"Sobrescribir auth.js totalmente", FILE_REPLACE
"Reemplazar router.ts", FILE_REPLACE
"Reescribir helpers.js completamente", FILE_REPLACE
"Reemplazar package.json", FILE_REPLACE
"Sobrescribir README.md", FILE_REPLACE
"Reemplazar api.js con contenido nuevo", FILE_REPLACE
"Cambiar todo el archivo database.sql", FILE_REPLACE
"Sobrescribir button.tsx", FILE_REPLACE
"Reemplazar layout.html", FILE_REPLACE
"Reescribir setup.sh", FILE_REPLACE
"Reemplazar variables.env", FILE_REPLACE
"Sobrescribir constants.ts", FILE_REPLACE
"Reemplazar types.d.ts", FILE_REPLACE
"Reescribir schema.prisma", FILE_REPLACE
"Reemplazar model.ts en su totalidad", FILE_REPLACE
"Sobrescribir query.sql", FILE_REPLACE
"Reemplazar store.ts", FILE_REPLACE
"Reescribir actions.js", FILE_REPLACE
"Reemplazar reducer.js", FILE_REPLACE
"Sobrescribir state.ts", FILE_REPLACE
"Reemplazar app.module.ts", FILE_REPLACE
"Reescribir app.controller.ts", FILE_REPLACE
"Reemplazar app.service.ts", FILE_REPLACE
"Sobrescribir middleware.js", FILE_REPLACE
"Reemplazar auth.guard.ts", FILE_REPLACE
"Reescribir interceptor.ts", FILE_REPLACE
"Reemplazar pipe.ts", FILE_REPLACE
"Sobrescribir main.py", FILE_REPLACE
"Reemplazar test.spec.ts", FILE_REPLACE
"Reescribir mock.json", FILE_REPLACE
"Reemplazar notes.txt con esto", FILE_REPLACE
"Sobrescribir config.yaml", FILE_REPLACE
"Reemplazar logo.svg", FILE_REPLACE
"Reescribir Makefile por completo", FILE_REPLACE
"Reemplazar context.js", FILE_REPLACE
"Sobrescribir provider.tsx", FILE_REPLACE
"Reemplazar mutator.js", FILE_REPLACE
"Reescribir .gitignore", FILE_REPLACE
"Reemplazar app.tsx", FILE_REPLACE
"Sobrescribir utils.ts", FILE_REPLACE
"Reemplazar controller.js", FILE_REPLACE
"Reescribir service.ts", FILE_REPLACE
"Reemplazar router.js por completo", FILE_REPLACE
"Eliminar el archivo temp.txt", FILE_DELETE
"Remover old_script.js", FILE_DELETE
"Borrar el archivo test.spec.ts", FILE_DELETE
"Borrar data.csv de la raíz", FILE_DELETE
"Eliminar archivo index.html", FILE_DELETE
"Remover archivo main.ts", FILE_DELETE
"Borrar styles.css", FILE_DELETE
"Borrar config.json", FILE_DELETE
"Eliminar utils.js", FILE_DELETE
"Remover el archivo test.ts", FILE_DELETE
"Borrar auth.js", FILE_DELETE
"Borrar router.ts", FILE_DELETE
"Eliminar helpers.js", FILE_DELETE
"Remover package.json", FILE_DELETE
"Borrar README.md", FILE_DELETE
"Borrar api.js", FILE_DELETE
"Eliminar database.sql", FILE_DELETE
"Remover button.tsx", FILE_DELETE
"Borrar layout.html", FILE_DELETE
"Borrar setup.sh", FILE_DELETE
"Eliminar variables.env", FILE_DELETE
"Remover constants.ts", FILE_DELETE
"Borrar types.d.ts", FILE_DELETE
"Borrar schema.prisma", FILE_DELETE
"Eliminar model.ts", FILE_DELETE
"Remover query.sql", FILE_DELETE
"Borrar store.ts", FILE_DELETE
"Borrar actions.js", FILE_DELETE
"Eliminar reducer.js", FILE_DELETE
"Remover state.ts", FILE_DELETE
"Borrar app.module.ts", FILE_DELETE
"Borrar app.controller.ts", FILE_DELETE
"Eliminar app.service.ts", FILE_DELETE
"Remover middleware.js", FILE_DELETE
"Borrar auth.guard.ts", FILE_DELETE
"Borrar interceptor.ts", FILE_DELETE
"Eliminar pipe.ts", FILE_DELETE
"Remover main.py", FILE_DELETE
"Borrar test.spec.ts", FILE_DELETE
"Borrar mock.json", FILE_DELETE
"Eliminar notes.txt", FILE_DELETE
"Remover config.yaml", FILE_DELETE
"Borrar logo.svg", FILE_DELETE
"Borrar Makefile", FILE_DELETE
"Eliminar context.js", FILE_DELETE
"Remover provider.tsx", FILE_DELETE
"Borrar mutator.js", FILE_DELETE
"Borrar .gitignore", FILE_DELETE
"Eliminar app.tsx", FILE_DELETE
"Remover utils.ts", FILE_DELETE
"Borrar controller.js", FILE_DELETE
"Borrar service.ts", FILE_DELETE
"Eliminar router.js", FILE_DELETE
"Renombrar el archivo user.js a userController.js", FILE_RENAME
"Cambiar el nombre de styles.css a main.css", FILE_RENAME
"Renombrar index.htm a index.html", FILE_RENAME
"Llamar a este archivo config.prod.json en lugar de config.json", FILE_RENAME
"Renombrar main.ts a app.ts", FILE_RENAME
"Cambiar nombre del archivo de test.ts a test.spec.ts", FILE_RENAME
"Renombrar auth.js a authentication.js", FILE_RENAME
"Llamar router.ts como routes.ts", FILE_RENAME
"Renombrar helpers.js a utils.js", FILE_RENAME
"Cambiar el nombre de package.json a pkg.json", FILE_RENAME
"Renombrar README.md a readme.txt", FILE_RENAME
"Llamar api.js como network.js", FILE_RENAME
"Renombrar database.sql a db.sql", FILE_RENAME
"Cambiar nombre de button.tsx a Button.tsx", FILE_RENAME
"Renombrar layout.html a base.html", FILE_RENAME
"Llamar setup.sh como init.sh", FILE_RENAME
"Renombrar variables.env a .env", FILE_RENAME
"Cambiar nombre de constants.ts a consts.ts", FILE_RENAME
"Renombrar types.d.ts a interfaces.ts", FILE_RENAME
"Llamar schema.prisma como db.prisma", FILE_RENAME
"Renombrar model.ts a entity.ts", FILE_RENAME
"Cambiar nombre de archivo query.sql a select.sql", FILE_RENAME
"Renombrar store.ts a redux.ts", FILE_RENAME
"Llamar actions.js como acts.js", FILE_RENAME
"Renombrar reducer.js a stateReducer.js", FILE_RENAME
"Cambiar el nombre de state.ts a global.ts", FILE_RENAME
"Renombrar app.module.ts a main.module.ts", FILE_RENAME
"Llamar app.controller.ts como main.controller.ts", FILE_RENAME
"Renombrar app.service.ts a main.service.ts", FILE_RENAME
"Cambiar nombre de archivo middleware.js a mw.js", FILE_RENAME
"Renombrar auth.guard.ts a guard.ts", FILE_RENAME
"Llamar interceptor.ts como intercept.ts", FILE_RENAME
"Renombrar pipe.ts a transform.ts", FILE_RENAME
"Cambiar nombre de main.py a script.py", FILE_RENAME
"Renombrar test.spec.ts a test.js", FILE_RENAME
"Llamar mock.json como data.json", FILE_RENAME
"Renombrar notes.txt a document.txt", FILE_RENAME
"Cambiar nombre de archivo config.yaml a config.yml", FILE_RENAME
"Renombrar logo.svg a icon.svg", FILE_RENAME
"Llamar Makefile como make.txt", FILE_RENAME
"Renombrar context.js a ctx.js", FILE_RENAME
"Cambiar nombre de provider.tsx a Provider.tsx", FILE_RENAME
"Renombrar mutator.js a mutate.js", FILE_RENAME
"Llamar .gitignore como ignore.txt", FILE_RENAME
"Renombrar app.tsx a index.tsx", FILE_RENAME
"Cambiar nombre de archivo utils.ts a util.ts", FILE_RENAME
"Renombrar controller.js a ctrl.js", FILE_RENAME
"Llamar service.ts como srv.ts", FILE_RENAME
"Renombrar router.js a routing.js", FILE_RENAME
"Renombrar old.js a new.js", FILE_RENAME
"Cambiar nombre de draft.txt a final.txt", FILE_RENAME
"Mover app.js a la carpeta src", FILE_MOVE
"Transferir index.ts al directorio core", FILE_MOVE
"Reubicar logo.png a assets/images", FILE_MOVE
"Poner el archivo settings.json dentro de la carpeta config", FILE_MOVE
"Mover main.ts a src", FILE_MOVE
"Transferir styles.css a la carpeta css", FILE_MOVE
"Reubicar config.json a la raíz", FILE_MOVE
"Poner utils.js en el directorio lib", FILE_MOVE
"Mover test.ts a la carpeta tests", FILE_MOVE
"Transferir auth.js hacia services", FILE_MOVE
"Reubicar router.ts a routes", FILE_MOVE
"Poner helpers.js en el directorio utils", FILE_MOVE
"Mover package.json a backend", FILE_MOVE
"Transferir README.md a docs", FILE_MOVE
"Reubicar api.js a la carpeta network", FILE_MOVE
"Poner database.sql en la carpeta db", FILE_MOVE
"Mover button.tsx a components", FILE_MOVE
"Transferir layout.html a views", FILE_MOVE
"Reubicar setup.sh a scripts", FILE_MOVE
"Poner variables.env en la carpeta config", FILE_MOVE
"Mover constants.ts a shared", FILE_MOVE
"Transferir types.d.ts al directorio interfaces", FILE_MOVE
"Reubicar schema.prisma a la carpeta prisma", FILE_MOVE
"Poner model.ts en models", FILE_MOVE
"Mover query.sql a la carpeta sql", FILE_MOVE
"Transferir store.ts al directorio redux", FILE_MOVE
"Reubicar actions.js a store", FILE_MOVE
"Poner reducer.js en la carpeta reducers", FILE_MOVE
"Mover state.ts a context", FILE_MOVE
"Transferir app.module.ts a la carpeta app", FILE_MOVE
"Reubicar app.controller.ts a controllers", FILE_MOVE
"Poner app.service.ts en el directorio services", FILE_MOVE
"Mover middleware.js a middlewares", FILE_MOVE
"Transferir auth.guard.ts a guards", FILE_MOVE
"Reubicar interceptor.ts a la carpeta interceptors", FILE_MOVE
"Poner pipe.ts en el directorio pipes", FILE_MOVE
"Mover main.py a la carpeta src", FILE_MOVE
"Transferir test.spec.ts a __tests__", FILE_MOVE
"Reubicar mock.json a mocks", FILE_MOVE
"Poner notes.txt en la carpeta documents", FILE_MOVE
"Mover config.yaml al directorio configuration", FILE_MOVE
"Transferir logo.svg a public/images", FILE_MOVE
"Reubicar Makefile a la carpeta build", FILE_MOVE
"Poner context.js en el directorio ctx", FILE_MOVE
"Mover provider.tsx a providers", FILE_MOVE
"Transferir mutator.js a la carpeta mutations", FILE_MOVE
"Reubicar .gitignore a la raíz del proyecto", FILE_MOVE
"Poner app.tsx en el directorio src", FILE_MOVE
"Mover utils.ts a core", FILE_MOVE
"Transferir controller.js a la carpeta api", FILE_MOVE
"Reubicar service.ts a lib", FILE_MOVE
"Poner router.js en el directorio config", FILE_MOVE
"Mover old.js a archive", FILE_MOVE
"Transferir draft.txt a la carpeta drafts", FILE_MOVE
"Crear carpeta 'folderABC'", FOLDER_CREATE
"Hacer un nuevo directorio llamado src", FOLDER_CREATE
"Generar una carpeta components", FOLDER_CREATE
"Agregar un directorio llamado assets", FOLDER_CREATE
"Crear carpeta utils", FOLDER_CREATE
"Hacer un directorio lib", FOLDER_CREATE
"Generar carpeta config", FOLDER_CREATE
"Añadir una nueva carpeta tests", FOLDER_CREATE
"Crear directorio services", FOLDER_CREATE
"Hacer carpeta routes", FOLDER_CREATE
"Generar un directorio para models", FOLDER_CREATE
"Agregar carpeta controllers", FOLDER_CREATE
"Crear una carpeta llamada views", FOLDER_CREATE
"Hacer directorio scripts", FOLDER_CREATE
"Generar carpeta shared", FOLDER_CREATE
"Añadir directorio interfaces", FOLDER_CREATE
"Crear carpeta prisma", FOLDER_CREATE
"Hacer un directorio sql", FOLDER_CREATE
"Generar carpeta redux", FOLDER_CREATE
"Agregar una carpeta store", FOLDER_CREATE
"Crear directorio reducers", FOLDER_CREATE
"Hacer carpeta context", FOLDER_CREATE
"Generar un directorio llamado app", FOLDER_CREATE
"Añadir carpeta middlewares", FOLDER_CREATE
"Crear carpeta guards", FOLDER_CREATE
"Hacer directorio interceptors", FOLDER_CREATE
"Generar carpeta pipes", FOLDER_CREATE
"Agregar un nuevo directorio __tests__", FOLDER_CREATE
"Crear una carpeta llamada mocks", FOLDER_CREATE
"Hacer directorio documents", FOLDER_CREATE
"Generar carpeta configuration", FOLDER_CREATE
"Añadir directorio public", FOLDER_CREATE
"Crear carpeta images", FOLDER_CREATE
"Hacer un directorio build", FOLDER_CREATE
"Generar carpeta ctx", FOLDER_CREATE
"Agregar una carpeta providers", FOLDER_CREATE
"Crear directorio mutations", FOLDER_CREATE
"Hacer carpeta root", FOLDER_CREATE
"Generar un directorio core", FOLDER_CREATE
"Añadir carpeta api", FOLDER_CREATE
"Crear carpeta routing", FOLDER_CREATE
"Hacer directorio archive", FOLDER_CREATE
"Generar carpeta drafts", FOLDER_CREATE
"Agregar directorio backend", FOLDER_CREATE
"Crear carpeta frontend", FOLDER_CREATE
"Hacer un directorio docs", FOLDER_CREATE
"Generar carpeta network", FOLDER_CREATE
"Añadir una carpeta db", FOLDER_CREATE
"Crear directorio styles", FOLDER_CREATE
"Hacer carpeta css", FOLDER_CREATE
"Generar un directorio llamado scss", FOLDER_CREATE
"Agregar carpeta img", FOLDER_CREATE
"Crear carpeta icons", FOLDER_CREATE
"Renombrar carpeta utils a helpers", FOLDER_RENAME
"Cambiar el nombre del directorio de img a images", FOLDER_RENAME
"Renombrar la carpeta src a source", FOLDER_RENAME
"Actualizar el nombre de la carpeta build a dist", FOLDER_RENAME
"Renombrar carpeta lib a library", FOLDER_RENAME
"Cambiar nombre de directorio config a configuration", FOLDER_RENAME
"Renombrar carpeta tests a specs", FOLDER_RENAME
"Actualizar el nombre de la carpeta services a srv", FOLDER_RENAME
"Renombrar carpeta routes a routing", FOLDER_RENAME
"Cambiar nombre del directorio models a entities", FOLDER_RENAME
"Renombrar carpeta controllers a ctrl", FOLDER_RENAME
"Actualizar el nombre de la carpeta views a templates", FOLDER_RENAME
"Renombrar carpeta scripts a tools", FOLDER_RENAME
"Cambiar nombre del directorio shared a common", FOLDER_RENAME
"Renombrar carpeta interfaces a types", FOLDER_RENAME
"Actualizar el nombre de la carpeta prisma a db", FOLDER_RENAME
"Renombrar carpeta sql a queries", FOLDER_RENAME
"Cambiar nombre de directorio redux a store", FOLDER_RENAME
"Renombrar carpeta store a state", FOLDER_RENAME
"Actualizar el nombre de la carpeta reducers a mutators", FOLDER_RENAME
"Renombrar carpeta context a ctx", FOLDER_RENAME
"Cambiar nombre de directorio app a application", FOLDER_RENAME
"Renombrar carpeta middlewares a mw", FOLDER_RENAME
"Actualizar el nombre de la carpeta guards a security", FOLDER_RENAME
"Renombrar carpeta interceptors a hooks", FOLDER_RENAME
"Cambiar nombre del directorio pipes a transformers", FOLDER_RENAME
"Renombrar carpeta __tests__ a tests", FOLDER_RENAME
"Actualizar el nombre de la carpeta mocks a stubs", FOLDER_RENAME
"Renombrar carpeta documents a docs", FOLDER_RENAME
"Cambiar nombre de directorio public a static", FOLDER_RENAME
"Renombrar carpeta images a img", FOLDER_RENAME
"Actualizar el nombre de la carpeta build a out", FOLDER_RENAME
"Renombrar carpeta ctx a context", FOLDER_RENAME
"Cambiar nombre de directorio providers a services", FOLDER_RENAME
"Renombrar carpeta mutations a actions", FOLDER_RENAME
"Actualizar el nombre de la carpeta root a base", FOLDER_RENAME
"Renombrar carpeta core a main", FOLDER_RENAME
"Cambiar nombre de directorio api a network", FOLDER_RENAME
"Renombrar carpeta routing a routes", FOLDER_RENAME
"Actualizar el nombre de la carpeta archive a old", FOLDER_RENAME
"Renombrar carpeta drafts a wip", FOLDER_RENAME
"Cambiar nombre de directorio backend a server", FOLDER_RENAME
"Renombrar carpeta frontend a client", FOLDER_RENAME
"Actualizar el nombre de la carpeta docs a documentation", FOLDER_RENAME
"Renombrar carpeta network a api", FOLDER_RENAME
"Cambiar nombre de directorio db a database", FOLDER_RENAME
"Renombrar carpeta styles a css", FOLDER_RENAME
"Actualizar el nombre de la carpeta scss a styles", FOLDER_RENAME
"Renombrar carpeta icons a svg", FOLDER_RENAME
"Cambiar nombre del directorio fonts a typography", FOLDER_RENAME
"Renombrar static a assets", FOLDER_RENAME
"Eliminar la carpeta temp", FOLDER_DELETE
"Remover el directorio node_modules", FOLDER_DELETE
"Borrar la carpeta logs por completo", FOLDER_DELETE
"Eliminar el directorio old_build", FOLDER_DELETE
"Eliminar carpeta src", FOLDER_DELETE
"Remover directorio components", FOLDER_DELETE
"Borrar carpeta assets", FOLDER_DELETE
"Borrar directorio utils", FOLDER_DELETE
"Eliminar carpeta lib", FOLDER_DELETE
"Remover directorio config", FOLDER_DELETE
"Borrar carpeta tests", FOLDER_DELETE
"Borrar directorio services", FOLDER_DELETE
"Eliminar carpeta routes", FOLDER_DELETE
"Remover directorio models", FOLDER_DELETE
"Borrar carpeta controllers", FOLDER_DELETE
"Borrar directorio views", FOLDER_DELETE
"Eliminar carpeta scripts", FOLDER_DELETE
"Remover directorio shared", FOLDER_DELETE
"Borrar carpeta interfaces", FOLDER_DELETE
"Borrar directorio prisma", FOLDER_DELETE
"Eliminar carpeta sql", FOLDER_DELETE
"Remover directorio redux", FOLDER_DELETE
"Borrar carpeta store", FOLDER_DELETE
"Borrar directorio reducers", FOLDER_DELETE
"Eliminar carpeta context", FOLDER_DELETE
"Remover directorio app", FOLDER_DELETE
"Borrar carpeta middlewares", FOLDER_DELETE
"Borrar directorio guards", FOLDER_DELETE
"Eliminar carpeta interceptors", FOLDER_DELETE
"Remover directorio pipes", FOLDER_DELETE
"Borrar carpeta __tests__", FOLDER_DELETE
"Borrar directorio mocks", FOLDER_DELETE
"Eliminar carpeta documents", FOLDER_DELETE
"Remover directorio configuration", FOLDER_DELETE
"Borrar carpeta public", FOLDER_DELETE
"Borrar directorio images", FOLDER_DELETE
"Eliminar carpeta build", FOLDER_DELETE
"Remover directorio ctx", FOLDER_DELETE
"Borrar carpeta providers", FOLDER_DELETE
"Borrar directorio mutations", FOLDER_DELETE
"Eliminar carpeta root", FOLDER_DELETE
"Remover directorio core", FOLDER_DELETE
"Borrar carpeta api", FOLDER_DELETE
"Borrar directorio routing", FOLDER_DELETE
"Eliminar carpeta archive", FOLDER_DELETE
"Remover directorio drafts", FOLDER_DELETE
"Borrar carpeta backend", FOLDER_DELETE
"Borrar directorio frontend", FOLDER_DELETE
"Eliminar carpeta docs", FOLDER_DELETE
"Remover directorio network", FOLDER_DELETE
"Borrar carpeta db", FOLDER_DELETE
"Borrar directorio styles", FOLDER_DELETE
"Eliminar carpeta css", FOLDER_DELETE
"Listar el contenido de la carpeta src", FOLDER_LIST
"Mostrar qué hay dentro del directorio assets", FOLDER_LIST
"Mostrar los archivos en la carpeta components", FOLDER_LIST
"Leer el contenido del directorio lib", FOLDER_LIST
"Listar carpeta utils", FOLDER_LIST
"Mostrar directorio config", FOLDER_LIST
"Detallar carpeta tests", FOLDER_LIST
"Leer contenidos de services", FOLDER_LIST
"Listar carpeta routes", FOLDER_LIST
"Mostrar directorio models", FOLDER_LIST
"Detallar carpeta controllers", FOLDER_LIST
"Leer contenidos de views", FOLDER_LIST
"Listar carpeta scripts", FOLDER_LIST
"Mostrar directorio shared", FOLDER_LIST
"Detallar carpeta interfaces", FOLDER_LIST
"Leer contenidos de prisma", FOLDER_LIST
"Listar carpeta sql", FOLDER_LIST
"Mostrar directorio redux", FOLDER_LIST
"Detallar carpeta store", FOLDER_LIST
"Leer contenidos de reducers", FOLDER_LIST
"Listar carpeta context", FOLDER_LIST
"Mostrar directorio app", FOLDER_LIST
"Detallar carpeta middlewares", FOLDER_LIST
"Leer contenidos de guards", FOLDER_LIST
"Listar carpeta interceptors", FOLDER_LIST
"Mostrar directorio pipes", FOLDER_LIST
"Detallar carpeta __tests__", FOLDER_LIST
"Leer contenidos de mocks", FOLDER_LIST
"Listar carpeta documents", FOLDER_LIST
"Mostrar directorio configuration", FOLDER_LIST
"Detallar carpeta public", FOLDER_LIST
"Leer contenidos de images", FOLDER_LIST
"Listar carpeta build", FOLDER_LIST
"Mostrar directorio ctx", FOLDER_LIST
"Detallar carpeta providers", FOLDER_LIST
"Leer contenidos de mutations", FOLDER_LIST
"Listar carpeta root", FOLDER_LIST
"Mostrar directorio core", FOLDER_LIST
"Detallar carpeta api", FOLDER_LIST
"Leer contenidos de routing", FOLDER_LIST
"Listar carpeta archive", FOLDER_LIST
"Mostrar directorio drafts", FOLDER_LIST
"Detallar carpeta backend", FOLDER_LIST
"Leer contenidos de frontend", FOLDER_LIST
"Listar carpeta docs", FOLDER_LIST
"Mostrar directorio network", FOLDER_LIST
"Detallar carpeta db", FOLDER_LIST
"Leer contenidos de styles", FOLDER_LIST
"Listar carpeta css", FOLDER_LIST
"Mostrar directorio scss", FOLDER_LIST
"Detallar carpeta img", FOLDER_LIST
"Leer contenidos de icons", FOLDER_LIST
"Listar carpeta fonts", FOLDER_LIST
"Mover la carpeta components a src", FOLDER_MOVE
"Transferir el directorio images a public", FOLDER_MOVE
"Reubicar la carpeta scripts a tools", FOLDER_MOVE
"Poner el directorio auth dentro de services", FOLDER_MOVE
"Mover carpeta utils a shared", FOLDER_MOVE
"Transferir directorio lib a core", FOLDER_MOVE
"Reubicar config a la raíz", FOLDER_MOVE
"Poner la carpeta tests dentro de src", FOLDER_MOVE
"Mover routes a api", FOLDER_MOVE
"Transferir directorio models a db", FOLDER_MOVE
"Reubicar controllers a backend", FOLDER_MOVE
"Poner carpeta views dentro de frontend", FOLDER_MOVE
"Mover shared a components", FOLDER_MOVE
"Transferir directorio interfaces a types", FOLDER_MOVE
"Reubicar prisma a database", FOLDER_MOVE
"Poner la carpeta sql dentro de queries", FOLDER_MOVE
"Mover redux a state", FOLDER_MOVE
"Transferir directorio store a app", FOLDER_MOVE
"Reubicar reducers a redux", FOLDER_MOVE
"Poner carpeta context dentro de hooks", FOLDER_MOVE
"Mover middlewares a srv", FOLDER_MOVE
"Transferir directorio guards a security", FOLDER_MOVE
"Reubicar interceptors a utils", FOLDER_MOVE
"Poner la carpeta pipes dentro de shared", FOLDER_MOVE
"Mover __tests__ a specs", FOLDER_MOVE
"Transferir directorio mocks a stubs", FOLDER_MOVE
"Reubicar documents a docs", FOLDER_MOVE
"Poner carpeta configuration dentro de config", FOLDER_MOVE
"Mover public a static", FOLDER_MOVE
"Transferir directorio build a dist", FOLDER_MOVE
"Reubicar ctx a context", FOLDER_MOVE
"Poner la carpeta providers dentro de services", FOLDER_MOVE
"Mover mutations a actions", FOLDER_MOVE
"Transferir directorio core a main", FOLDER_MOVE
"Reubicar api a network", FOLDER_MOVE
"Poner carpeta routing dentro de routes", FOLDER_MOVE
"Mover archive a old", FOLDER_MOVE
"Transferir directorio drafts a wip", FOLDER_MOVE
"Reubicar backend a server", FOLDER_MOVE
"Poner la carpeta frontend dentro de client", FOLDER_MOVE
"Mover docs a documentation", FOLDER_MOVE
"Transferir directorio network a api", FOLDER_MOVE
"Reubicar db a database", FOLDER_MOVE
"Poner carpeta styles dentro de css", FOLDER_MOVE
"Mover scss a styles", FOLDER_MOVE
"Transferir directorio icons a svg", FOLDER_MOVE
"Reubicar fonts a typography", FOLDER_MOVE
"Poner la carpeta static dentro de public", FOLDER_MOVE
"Trasladar logs a history", FOLDER_MOVE
"Mueve src/lib/x.ts dentro de shared/utils", FILE_MOVE
"Mueve app.ts a la carpeta core", FILE_MOVE
"Pon config.json en settings", FILE_MOVE
"Mueve el archivo main.css a styles", FILE_MOVE
"Mueve index.ts a src/app", FILE_MOVE
"Coloca logger.ts dentro de utils/log", FILE_MOVE
"Lista los archivos de src", FOLDER_LIST
"Lista los archivos en la carpeta docs", FOLDER_LIST
"¿Qué archivos hay en components?", FOLDER_LIST
"Muestra los archivos de lib", FOLDER_LIST
"Lista todo en la carpeta raíz", FOLDER_LIST
"¿Qué archivos tiene la carpeta tests?", FOLDER_LIST
"Generar documento README.txt", FILE_CREATE
"Genera un documento nuevo", FILE_CREATE
"Reemplaza la función handleClick con este código", FILE_PATCH
"Modifica la función en el archivo", FILE_PATCH
"Renombra el método getUser como fetchUser", SYMBOL_RENAME
"Ponle al método init el nombre setup", SYMBOL_RENAME
"Cambia el nombre del método a setup", SYMBOL_RENAME
"¿Qué librerías uso para gráficos?", None
"Explícame cómo funciona este código", None
"Transfiere layout.html a la carpeta views", FILE_MOVE
"Mueve el layout a la vista", FILE_MOVE
"Transfiere el archivo layout al nuevo path", FILE_MOVE
"Mueve la carpeta utils a shared", FOLDER_MOVE
"Mueve el folder utils a shared", FOLDER_MOVE
"Transfiere el folder a la otra ruta", FOLDER_MOVE
"Pasa el folder de utils adentro de shared", FOLDER_MOVE
"Renombra el método getUser como fetchUser", SYMBOL_RENAME
"Cambia el nombre del método a fetchUser", SYMBOL_RENAME
"Renombra el método en la clase", SYMBOL_RENAME
"Cambia el nombre del método", SYMBOL_RENAME
"¿Qué librerías uso para gráficos?", None
"Dime qué package usar para el layout", None
"Explícame cómo funciona este código", None
"Mueve src/lib/x.ts dentro de shared/utils", FILE_MOVE
"Mueve index.ts dentro de la carpeta", FILE_MOVE
"Mueve main.js a components", FILE_MOVE
"Mueve utils.ts dentro de shared", FILE_MOVE
"Mueve el archivo x.ts a utils", FILE_MOVE
es-samples.csv

"¿Qué modelo eres?", INOU_CMD_HELP
"¿Qué modelo de inteligencia artificial eres?", INOU_CMD_HELP
"¿Cómo te llamas?", INOU_CMD_HELP
"¿Cuál es tu nombre?", INOU_CMD_HELP
"¿Quién eres?", INOU_CMD_HELP
"¿Quién te creó?", INOU_CMD_HELP
"¿Eres una IA?", INOU_CMD_HELP
"¿Quién te crees que eres?", INOU_CMD_HELP
"¿Qué puedes hacer?", INOU_CMD_HELP
"¿Cuáles son tus capacidades?", INOU_CMD_HELP
"Ayuda", INOU_CMD_HELP
"Necesito ayuda", INOU_CMD_HELP
"¿En qué me puedes ayudar?", INOU_CMD_HELP
"Dime para qué sirves", INOU_CMD_HELP
"¿Cómo funcionas?", INOU_CMD_HELP
"Dame las instrucciones de uso", INOU_CMD_HELP
"Muéstrame el menú de ayuda", INOU_CMD_HELP
"¿Cuáles son tus comandos?", INOU_CMD_HELP